Ano,Mês,RO,AC,AM,RR,PA,AP,TO,MA,PI,CE,RN,PB,PE,AL,SE,BA,MG,ES,RJ,SP,PR,SC,RS,MS,MT,GO,DF,Total
2008,Janeiro,5242,3735,13628,1898,43817,2721,8294,26181,19593,41997,12773,18485,40916,14837,8731,66223,92681,14516,54995.0,183408,60003,29970,58910,12254,13961,31520,14525,895814.0
2008,Fevereiro,5562,3723,13828,1739,40225,2511,7846,25847,18396,41110,12423,17603,36866,13445,8119,60453,86508,13848,47536.0,167955,56290,29011,54736,12062,13522,28761,14212,834137.0
2008,Março,5105,4163,14869,2047,43274,2390,8562,28377,19739,43877,14359,19815,41469,14959,9162,74394,96745,16611,58293.0,188153,63308,31710,61611,13397,16016,33751,16576,942732.0
2008,Abril,5175,4223,14323,2211,44734,2663,8793,29188,19263,45769,15815,20801,45686,17517,9738,80024,99252,16654,59623.0,188980,63368,31495,59890,13124,15480,34080,16585,964454.0
2008,Maio,5148,4471,14904,2415,44894,2740,8751,27669,19030,44941,15456,21183,44966,17140,9324,75255,96742,15850,57523.0,186439,63544,31708,59106,12990,15568,29786,15974,943517.0
2008,Junho,6099,4478,14578,2295,43375,2699,8466,27734,18443,41628,14013,18775,40443,16056,8590,68707,93733,15480,55039.0,186358,62477,32309,60888,13383,15085,28488,15376,914995.0
2008,Julho,7080,4083,14936,2228,42102,2674,7590,27433,19004,41498,13694,19028,42719,14778,8695,75935,95032,15071,55119.0,191029,65374,32942,64579,13603,15150,28751,15099,935226.0
2008,Agosto,7332,3823,14413,2298,42623,2931,8346,27837,19154,39793,13254,18765,42221,14650,8209,75125,93469,15659,54069.0,188355,61044,30849,61252,12686,14483,30948,15648,919236.0
2008,Setembro,6875,4182,13346,2116,43120,2852,8254,28582,19262,40935,13401,18602,41135,14639,7787,74477,95453,15659,53630.0,190610,63104,32316,61948,13317,14952,32218,16040,928812.0
2008,Outubro,6907,4141,12602,2205,41511,3017,8491,27068,19045,39462,12600,17371,40687,14274,7743,71007,97086,15998,53528.0,192319,63403,32539,62243,13340,14449,29253,15609,917898.0
2008,Novembro,6699,3928,12137,2122,39500,2897,7653,25929,18080,36021,12100,16705,38112,13859,7160,64074,89094,14409,47397.0,173541,57897,29345,58598,12329,13244,25739,15052,843621.0
2008,Dezembro,5864,4060,12050,1986,38044,3018,7512,23784,16898,35643,11609,16177,35984,13382,6609,61401,86945,14133,45821.0,164886,55192,29185,55442,11137,12567,24626,14155,808110.0
2009,Janeiro,7062,4053,12585,2224,42604,3110,8202,28154,19666,38793,11039,17425,39522,14142,7333,67406,90567,14931,50676.0,173447,58061,30670,59078,11884,13878,28061,14664,869237.0
2009,Fevereiro,6923,3781,12168,2142,39240,2687,7826,26530,17484,36857,11377,16646,34892,12553,6962,63544,84889,13878,45913.0,167687,56829,28679,52109,11519,12783,26733,14029,816660.0
2009,Março,9130,4519,13891,2525,46754,3299,9172,32689,21947,46459,13923,21219,45562,16373,8932,80844,100890,17414,58203.0,203675,69063,34217,63522,14521,16552,33745,17386,1006426.0
2009,Abril,8414,4274,12228,2256,45663,3236,8587,30362,20394,43941,12981,20330,42262,15566,8149,75632,92884,16350,53518.0,190737,62911,31468,59407,13453,15968,31661,16146,938778.0
2009,Maio,8403,4597,12526,2372,44842,3407,8559,30650,20794,43101,15287,21292,44141,15761,8665,76235,95601,16735,56563.0,196032,65776,33148,61790,13163,15873,31135,16175,962623.0
2009,Junho,7383,3933,13409,2370,43580,3118,8358,29596,20038,41228,14056,18771,40907,14411,7651,70331,92277,16038,55169.0,191089,64052,33285,61258,12980,14763,28794,15310,924155.0
2009,Julho,7883,3784,13490,2646,44142,3085,7957,29855,20593,42048,14779,20219,42051,15377,8039,74655,95650,16447,57262.0,196718,67884,34568,66759,13721,14770,29830,15667,959879.0
2009,Agosto,8154,3018,13704,2609,45945,3354,8380,30659,20026,41283,14826,20202,42913,14542,7956,75574,94881,16837,54207.0,198843,66419,35163,62225,14373,15541,31959,15796,959389.0
2009,Setembro,7984,1921,13038,2534,45252,3197,8132,31532,18988,39806,14816,19656,41950,14651,7551,74521,94522,16091,52420.0,194821,64072,32675,60124,13420,14505,30978,15628,934785.0
2009,Outubro,8235,3912,10455,2312,41540,2809,7994,30419,17893,37580,14239,18547,40335,14859,6495,71200,86281,14485,48185.0,182308,60312,31205,59323,11898,13186,28694,13880,878581.0
2009,Novembro,7148,3480,8368,1932,35074,2043,6595,24104,16437,32035,11530,16852,33795,12822,5496,65127,75828,11617,40706.0,152483,50676,25931,49690,9853,12094,26856,12420,750992.0
2009,Dezembro,4846,2218,2649,1231,16371,1086,3109,13017,11002,20613,6596,11174,14152,7335,3344,40993,46517,5091,24132.0,85247,27200,11938,25662,4572,6408,16972,5918,419393.0
2010,Janeiro,8670,4034,13542,2568,43745,3070,8411,32634,20698,40270,13954,18987,40462,14258,7143,71380,91105,14830,55513.0,187231,61433,30970,59683,13342,15115,32623,15434,921105.0
2010,Fevereiro,7945,3624,12401,2277,42286,2715,8013,29964,18729,37242,13060,17666,36900,13072,6678,66548,87825,14003,49748.0,179941,60456,29943,54080,13084,13939,30627,14567,867333.0
2010,Março,9036,4556,14616,2828,48037,3169,9439,34454,21582,43821,16251,20708,46020,17045,8727,81882,104877,17634,61193.0,216682,73228,35207,64897,16236,16803,35019,17306,1041253.0
2010,Abril,8551,4508,13674,2590,44248,3134,9026,33058,19696,41367,15027,19702,43193,16214,8324,77278,95596,16464,57866.0,198602,65405,32185,60314,13851,15284,32086,16292,963535.0
2010,Maio,8622,4293,13545,2984,46360,3074,8835,34014,21043,44091,15722,21480,47255,16950,8722,81262,98346,16961,59851.0,204531,67439,33375,62529,13625,15543,31381,16707,998540.0
2010,Junho,7861,3963,13197,3028,43746,3159,8130,33077,19208,41069,13979,18716,42126,14394,7280,68596,91795,15656,55026.0,192091,64959,32530,60718,13129,14217,29121,14863,925634.0
2010,Julho,8332,3958,13188,3085,41934,3201,8223,33117,18938,40715,14492,20536,43597,15269,7859,72476,94663,16241,56306.0,193427,66122,33192,63078,13006,14731,28403,15301,943390.0
2010,Agosto,8618,4102,13595,3099,45673,3468,9221,33897,19329,41586,14757,20305,44786,15771,7971,77454,99193,17355,58892.0,205500,67807,34406,64043,14588,15573,32536,16281,989806.0
2010,Setembro,8403,4156,13485,2800,44367,3180,8747,33798,19146,40045,14169,19346,43291,15236,7963,74034,97228,16370,53559.0,195081,66673,32474,59741,14086,15406,32248,15900,950932.0
2010,Outubro,8182,4406,14067,2658,42910,2912,8501,33182,18906,39831,13812,19307,43723,14841,7630,73828,93079,16686,53720.0,191999,64601,32584,60225,13251,14688,29740,15454,934723.0
2010,Novembro,8293,4124,13212,2528,43087,2722,8362,32886,18722,38972,13837,18461,43154,14631,7861,72850,91907,16669,52949.0,191212,65123,32042,58004,12945,14465,29536,14697,923251.0
2010,Dezembro,7930,4054,13308,2382,42265,2654,8151,31223,17772,38040,13310,16706,41392,13296,7366,68990,91365,16581,51701.0,183461,61705,30290,55019,12268,14399,27917,14093,887638.0
2011,Janeiro,7821,4621,13978,2541,44268,2976,8780,35259,20830,41969,13412,18020,42371,13702,7828,74584,94600,17012,56747.0,195391,64083,32379,59554,13317,14846,29938,15321,946148.0
2011,Fevereiro,7785,4129,13488,1984,42044,2789,8440,33794,19506,41111,13922,18316,41933,14193,7001,69851,91208,16649,53878.0,190427,61257,31731,53992,12779,13597,28997,15093,909894.0
2011,Março,8691,4573,15187,2077,46579,3221,9728,35398,20486,44395,15385,20016,46617,15711,7796,78163,99462,18459,57348.0,210100,66609,34864,61470,14153,15193,33829,16675,1002185.0
2011,Abril,8836,4344,14388,2185,42490,3329,9267,33386,19110,41959,14640,17642,44437,14862,7774,75249,95537,17686,58323.0,197926,61681,33265,58049,13631,14825,30013,16468,951302.0
2011,Maio,8274,4859,13665,2620,43492,3258,9323,33579,19198,42245,15025,18251,46261,16345,8530,76744,102114,18703,60871.0,209373,66262,35299,62426,14134,14675,29668,16519,991713.0
2011,Junho,8195,4355,13539,2596,41299,2912,8790,31731,17881,39860,14241,17233,43332,15458,7699,71041,95621,17937,56275.0,193857,60615,33227,61120,13112,14256,27611,15286,929079.0
2011,Julho,7814,4311,13345,2568,38734,3034,8202,32043,17827,38608,14373,16901,43160,14890,7561,71511,94660,17398,54035.0,196668,61560,34076,61119,13269,13854,28496,15199,925216.0
2011,Agosto,8681,4304,13716,2735,43303,3119,8985,34748,18489,40896,14860,18036,46440,15677,7944,76614,99679,18382,56792.0,205817,64990,34901,61506,13007,15041,30702,16510,975874.0
2011,Setembro,7918,4234,13051,2837,42302,3204,8966,32711,18449,38911,14023,17281,43321,14870,7407,70909,95030,17041,52078.0,192477,61005,32607,57716,12673,14627,29736,15795,921179.0
2011,Outubro,8245,4118,13756,2702,41776,3185,9133,33697,18418,39467,13936,17136,44263,14897,7703,72356,93911,17286,50810.0,194114,63302,33834,59073,12521,14533,29264,15388,928824.0
2011,Novembro,8254,4148,14317,2669,42089,3121,9509,34656,18330,38308,13718,16932,43250,14029,7971,71318,93533,17411,49151.0,186207,62444,32561,58085,12792,14659,28572,15213,913247.0
2011,Dezembro,7422,4116,11684,2543,40971,2933,9020,32390,17284,37180,12404,16209,41539,13034,7417,69417,91911,16981,47726.0,178120,58458,30738,56091,12211,14248,26054,14322,872423.0
2012,Janeiro,8152,4523,13005,2463,42731,3070,8789,33513,18824,38887,13028,16198,41691,13753,7616,71469,95124,17069,53008.0,191842,60440,33116,60760,12848,14457,27948,15388,919712.0
2012,Fevereiro,7953,3891,12188,2556,40570,2972,8822,31252,17038,35469,13012,15947,39840,13465,7311,66583,90723,16552,48496.0,185540,59159,31893,54893,12835,13941,27870,14774,875545.0
2012,Março,8570,4580,14762,2811,45619,3335,9972,36262,18556,40890,15375,18217,47389,14685,8232,78708,103429,18976,57438.0,211485,67362,35653,62888,14344,16172,30699,16407,1002816.0
2012,Abril,8422,4266,14168,2620,42935,3193,9762,33917,18273,39416,13718,17200,44644,13404,7702,71740,96660,17224,53388.0,195984,63476,33820,58759,13190,15624,28945,15850,938300.0
2012,Maio,8605,4374,14677,3019,43561,3310,9426,35671,19970,41397,14333,18085,47951,14480,8391,76358,104476,18275,58528.0,211133,69054,37703,64642,14494,16457,28566,16604,1003540.0
2012,Junho,8010,4388,13942,2655,38974,3019,8641,32598,18176,37221,13738,16039,43830,13709,7363,70936,96914,17504,53766.0,193117,64125,34799,61756,13281,15125,27102,15540,926268.0
2012,Julho,7819,4724,14254,2529,37408,3342,8407,32815,18298,36632,14783,17009,45405,14503,7392,74568,100370,18380,52893.0,199938,66265,35505,64914,13278,15964,26091,15736,949222.0
2012,Agosto,7880,4443,14198,2660,38620,3343,8851,33904,18594,37310,14258,16822,46839,13886,7538,73694,101160,18380,52893.0,204253,67645,36537,63871,13604,15903,28909,16195,962190.0
2012,Setembro,7321,4485,12872,2338,39379,3135,8494,32476,17861,35005,12059,15525,42961,13643,6679,68576,94764,17337,48910.0,189132,61193,33476,55216,12389,14805,27810,14961,892802.0
2012,Outubro,7448,3774,12735,883,35908,3122,7221,29759,16750,32035,12433,14941,41486,13082,6414,64544,91539,17232,48327.0,191877,62235,31077,54503,10207,14973,26514,13225,864244.0
2012,Novembro,6264,2870,9299,890,29995,2652,6040,23933,14445,26579,10335,13983,34426,11367,5396,53998,73279,13219,37511.0,154366,50379,22479,41861,6778,11632,22000,7862,693838.0
2012,Dezembro,3720,1855,3941,535,16511,1047,3753,14680,9675,16340,5930,9660,18457,7028,3345,31951,44185,7075,22566.0,93378,27509,9452,19889,3143,6834,14222,3908,400589.0
2013,Janeiro,8123,4430,15031,2597,41496,3123,8404,34606,18356,37588,12660,15533,43749,13493,7082,64942,94222.0,16620,52359,191120,61064,33084,60471,13165,15151,28001,15584,912054.0
2013,Fevereiro,8072,3867,12385,2314,38305,2955,8161,30860,16855,34693,11846,14640,38915,11779,6535,59229,87203.0,15323,45907,176079,56383,30297,52406,12453,13818,27249,14411,832940.0
2013,Marï¿½o,9354,4569,13776,2779,43818,3278,9224,34829,18652,39317,14854,17328,44108,14131,7745,68672,99854.0,17944,53090,198950,64057,34460,59976,14291,16113,31102,16515,952786.0
2013,Abril,9352,4513,13867,2710,44692,3422,9186,35371,20031,41649,15429,17730,45814,14460,8086,69299,104530.0,18523,54495,208350,67274,36019,62734,14361,16474,31633,17238,987242.0
2013,Maio,8818,4266,14392,2879,43359,3202,9273,35497,19873,42672,15441,18607,47961,15311,7781,70479,102907.0,18208,55109,202052,64191,35428,61799,14309,15838,30203,16483,976338.0
2013,Junho,8400,4068,13983,3103,40617,3001,8835,32593,18619,37974,14173,17180,44152,14612,7401,67284,99610.0,17091,53531,195258,63385,35313,61952,13552,14996,28486,15579,934748.0
2013,Julho,8895,4358,13753,2902,39326,3128,8638,34185,18527,40017,14652,17469,45097,15321,7471,70497,101317.0,18030,54565,196602,66070,36813,67192,14087,15069,27888,16034,957903.0
2013,Agosto,9254,4402,13523,2867,40702,3271,8772,34973,18003,39778,13868,16934,46107,14084,7516,69085,100595.0,18058,53476,201655,65519,36315,64191,13468,15503,29666,16038,957623.0
2013,Setembro,8940,4311,13174,2827,41392,3247,9105,34829,18259,39375,13735,16134,44928,13937,7443,68408,99156.0,17842,52885,196146,62827,35544,62106,13737,14929,29565,15563,940344.0
2013,Outubro,9568,4631,13560,2830,41766,3510,9295,36080,18400,39318,14261,16577,46722,14271,7419,70674,102114.0,18947,52709,202059,65479,37970,66348,13937,15695,29875,15904,969919.0
2013,Novembro,9482,4299,13226,2650,39842,3172,8605,33898,17181,37454,12679,15369,43007,13334,7200,65394,95122.0,17439,48653,185219,60413,34965,60927,13170,15015,28490,13951,900156.0
2013,Dezembro,9094,4057,12245,2569,38641,3043,8277,32760,16485,36029,12217,14650,40897,12299,6827,62248,93350.0,16486,46230,176560,56084,31506,57322,12495,14186,26931,13897,857385.0
2014,Janeiro,9469,4169,12564,2724,41269,3187,8611,35660,18572,40498,12826,15637,43482,12720,7479,67515,100199.0,17946,53322,195434,60380,34818,63431,13048,14926,28851,14731,933468.0
2014,Fevereiro,8764,4054,11127,2298,39583,2974,8109,33234,17038,38018,12552,14765,41188,12117,7114,63214,96330.0,17280,47782,187957,58769,33348,57961,12332,14431,27349,14553,884241.0
2014,Marï¿½o,9715,4381,12367,2750,43563,3145,8805,36398,18200,40552,13455,16338,44613,12977,7432,68339,101693.0,18123,50874,200002,62324,35662,62697,13768,16263,29595,15985,950016.0
2014,Abril,9807,4632,12653,2630,42443,3259,8781,35738,18000,41531,14079,16333,45495,13161,7390,68963,104762.0,18508,50826,202146,62253,35787,62347,13847,15836,31127,15984,958318.0
2014,Maio,10377,4667,12928,2884,43213,3136,8849,35727,18635,42888,14671,17266,47502,14150,7781,72812,108416.0,19263,54672,209380,65814,37523,65723,14497,16405,31264,16208,996651.0
2014,Junho,9758,4502,12320,2489,39776,2652,8745,33879,17187,39759,13179,15813,44120,13254,6991,65267,100608.0,18024,52537,196338,61720,36734,63142,13587,15718,28599,14863,931561.0
2014,Julho,9830,4462,12944,2870,41218,2969,8361,35399,17368,41223,13526,16693,47266,14165,7039,71900,103715.0,19130,56425,201126,65506,38715,67770,13825,15827,28307,15397,972976.0
2014,Agosto,10099,4339,12999,2796,41455,3093,8863,35744,17514,40626,13156,16569,47346,13936,7502,72058,103692.0,19505,57156,202970,63928,37794,65848,14158,15799,29743,14949,973637.0
2014,Setembro,10146,4024,13696,2788,41701,3194,8809,35563,18337,40679,13366,16869,46956,14177,8106,72319,104571.0,19409,57158,203741,64674,37913,65575,13591,15939,30722,14903,978926.0
2014,Outubro,10043,4540,13899,2742,40646,3181,8843,34926,17401,40697,13414,16719,46933,14147,7990,73288,104760.0,19178,55701,206027,66459,38345,67258,14088,16328,30137,14852,982542.0
2014,Novembro,9769,4347,13206,2704,40219,2725,7975,33229,16408,38049,12712,15505,44500,13372,7735,66742,99197.0,18486,52046,188775,60558,35773,62363,12931,15028,27841,13938,916133.0
2014,Dezembro,9190,4084,12632,2518,37562,2521,7520,31620,15413,36701,12266,14436,42551,12497,6755,62545,95761.0,18098,52065,181454,57375,32890,59247,12708,14158,27571,13096,875234.0
2015,Janeiro,9093,4034,13860,2756,38735,2594,7077,32896,16652,37878,12112,14526,43102,12300,7437,66232,96307.0,18451,55312,195218,58124,34341,62390,12887,14347,28798,13379,910838.0
2015,Fevereiro,8639,3705,12955,2411,35880,2471,6763,31971,15180,34735,11206,13011,39968,11222,7137,59737,89652.0,16889,50179,181722,55879,33013,55800,12255,13745,27522,12577,846224.0
2015,Marï¿½o,9954,4142,15015,2730,42959,3019,7582,39622,18345,42330,14285,16377,48769,14600,8778,75231,110437.0,21029,60327,217964,67768,39243,69235,15252,16725,32542,15473,1029733.0
2015,Abril,9413,4071,14308,2793,41190,2959,7893,37389,18872,42121,14177,16055,46408,13873,8410,69063,103617.0,18965,56218,204396,63979,36843,64832,14286,16198,31375,15838,975542.0
2015,Maio,9914,4091,15143,3062,41785,3062,7517,36215,18417,42559,14252,16214,48317,14738,9093,72068,106205.0,20061,60538,208657,63993,39179,65740,14433,16560,31753,15510,999076.0
2015,Junho,9277,4166,14908,2985,39509,3087,7282,34797,16972,40835,13850,15008,44847,13946,7666,67800,101740.0,19821,58549,200774,64384,38669,65222,13953,15310,29440,14265,959062.0
2015,Julho,9370,4041,14881,3144,38557,3033,6618,35735,17129,40934,14307,15703,46327,14641,8247,72445,100862.0,20667,59027,198805,66434,40134,66400,13632,15644,28801,13966,969484.0
2015,Agosto,9474,4111,14462,3165,39521,3087,7027,35950,17722,40429,13671,15613,45590,13959,8426,70724,99967.0,19926,56648,200842,66013,39297,64238,13719,16043,29025,13829,962478.0
2015,Setembro,9313,4092,14214,2948,38471,3071,6634,34977,17604,38922,13074,15267,42930,13672,7944,69584,99287.0,18550,54913,195356,63135,38584,61163,13037,15722,29004,13008,934476.0
2015,Outubro,8993,3581,13341,1727,35861,2937,5454,34539,16992,36971,11479,14559,41370,13462,6694,66740,94014.0,17956,51285,185311,59748,36130,59068,11261,14994,27947,9933,882347.0
2015,Novembro,7172,2804,10093,1201,30434,2348,3802,28916,15307,30344,9456,11192,36325,11419,5206,58802,80287.0,13403,43556,167477,53268,31726,51095,8928,13246,24188,8117,760112.0
2015,Dezembro,4393,2042,5418,375,18675,1114,1834,20291,10337,17936,6312,7230,20307,7076,3407,35589,48776.0,6300,24958,108295,32109,16539,27141,4226,8480,15036,4300,458496.0
2016,Janeiro,8780,3968,14122,2897,37912,2595,5655,34748,17888,38227,12477,14057,42054,13064,7284,65148,95025,18535,54608.0,191042,62302,37302,60805,13307,15157,27206,14092,910257.0
2016,Fevereiro,8810,3952,13382,2839,37491,2403,6267,34900,17667,38528,13055,14306,41717,12545,7126,67076,94241,18276,51639.0,187559,61812,36710,57480,13262,15219,27333,14148,899743.0
2016,Março,9742,4044,15170,3107,41969,2819,6954,36984,18845,41265,14703,15913,46406,14647,8317,74888,107257,20628,58778.0,214604,70932,40699,64895,14483,17420,30724,16122,1012315.0
2016,Abril,9819,3843,14597,2766,40891,2686,6999,35940,18322,41124,13762,15284,44408,14488,8322,69532,101677,19711,55631.0,203917,67457,39367,62435,14074,16690,28699,15722,968163.0
2016,Maio,10085,3920,14716,2929,40156,2777,6951,36457,19068,42010,14043,15794,46196,15040,8609,70631,103987,21110,56380.0,207730,69383,40507,65098,14636,17145,28871,16453,990682.0
2016,Junho,9687,3993,14403,3238,38650,2965,6483,34783,18409,40621,13766,14560,44857,14371,8187,65552,101103,19796,55132.0,205410,69291,40894,64884,14181,16279,27737,16227,965459.0
2016,Julho,9171,4088,13866,3282,38226,2702,6428,33183,18178,39544,13469,14741,45090,15073,8292,68678,98709,19765,55078.0,199804,68147,39950,64738,13521,15653,26351,15782,951509.0
2016,Agosto,9362,4082,14005,3604,41194,2791,6288,35806,18793,40381,12852,15164,47134,15326,7790,71733,101147,20306,52859.0,206680,69578,41147,67086,13970,16715,28309,17019,981121.0
2016,Setembro,9205,3776,13060,3104,39850,2670,6029,33652,18089,38955,11619,14424,43910,14173,8136,66690,96949,19159,51224.0,196547,66417,38965,61981,13878,16225,27524,16000,932211.0
2016,Outubro,9338,3764,13337,3269,37542,2601,5973,31865,17825,38076,12594,14139,43447,13667,7700,64622,95592,19476,50081.0,197800,66681,39167,62725,13286,15879,25535,15856,921837.0
2016,Novembro,8556,3398,12312,3226,36531,2593,6141,29897,16978,36475,12300,13573,41382,12714,7180,60542,90277,18655,47852.0,188799,63153,37552,59080,12837,14405,24310,14898,875616.0
2016,Dezembro,8351,3735,12468,3063,33986,2490,6029,26779,16053,35062,12128,12946,39857,11988,6822,56915,91933,19102,46707.0,181907,60421,34224,57933,12290,14365,24175,15573,847302.0
2017,Janeiro,8496,3773,13586,3276,39046,2805,6371,33978,17649,38292,12565,13848,43260,13591,7367,64055,96029,18856,51930.0,193820,64099,36215,61216,13344,15145,26543,16582,915737.0
2017,Fevereiro,8227,3471,13063,3267,35878,2449,6182,32675,16575,36136,12182,12909,39979,12246,6989,58058,88462,17403,47357.0,184364,61486,34638,54325,12325,14672,25473,15818,856609.0
2017,Março,10310,3804,14837,3755,42632,3163,7706,37923,19275,43538,15089,16090,48877,14983,8288,70199,104999,21606,56024.0,217912,74174,41317,67529,15062,17388,30469,19396,1026345.0
2017,Abril,9520,3367,14572,3572,38556,2903,6637,35061,17843,39276,13814,15230,46080,13931,8083,64546,96398,19862,52953.0,196965,66769,37572,59865,13808,16237,28035,16986,938441.0
2017,Maio,10111,3762,15575,3988,42574,3096,6999,38425,19171,41603,15112,16933,50134,15724,8954,72939,107825,21298,59806.0,215767,75263,43543,68150,15366,16957,29851,15357,1034283.0
2017,Junho,9406,3857,15137,3773,39699,2941,6820,36442,17570,39321,14122,15381,47582,14948,7817,66663,101409,20049,57219.0,203476,70537,40977,66518,14044,16291,27343,16987,976329.0
2017,Julho,9453,3920,14971,3727,39191,2844,6264,37396,17055,39372,13509,15387,47251,14973,8141,69826,101686,19810,58361.0,205153,71931,40915,66237,14156,16149,26852,15806,980336.0
2017,Agosto,10057,4025,15555,3814,41852,3091,6640,36970,17627,40411,14682,16500,49950,15624,8159,71333,105244,21386,58974.0,213476,74562,41769,66845,14387,16379,28932,17143,1015387.0
2017,Setembro,9594,3826,14415,3735,40184,2938,6323,35629,17131,38522,13197,15449,45123,14215,7446,65659,98688,19875,53781.0,200628,69960,38640,60222,13421,15806,26765,16192,947364.0
2017,Outubro,10208,3990,15447,3760,41739,2834,6243,37596,17531,40699,13478,15952,47376,14876,7729,68632,101965,20675,56454.0,207328,71606,40470,62825,13677,15873,28296,17063,984322.0
2017,Novembro,9734,3956,14493,3621,40430,2663,5472,36921,17552,38493,13060,14837,45048,14026,7155,65441,98685,19876,53852.0,196867,70193,39271,60568,13323,14800,26454,15613,942404.0
2017,Dezembro,9668,3666,14329,3522,38412,2484,5991,35895,17088,37032,12904,13780,43400,13389,6926,62593,96080,18984,53104.0,187972,65480,36742,57500,12849,14317,25708,15472,905287.0
2018,Janeiro,9775,3963,15371,3663,40948,2744,5881,40244,17953,41071,13643,14993,45802,14019,7798,68153,102375,20349,58875.0,202910,70221,37623,62521,13703,15424,27719,16630,974371.0
2018,Fevereiro,9155,3523,13687,3242,37787,2540,5176,34820,15618,36757,12816,13683,41216,12574,6840,59520,90919,18195,51295.0,185976,64902,35756,54218,12290,14307,25480,15458,877750.0
2018,Março,10508,3964,15559,3477,42206,2797,6003,39330,18214,43070,15413,16222,47406,14852,8338,69890,106245,21186,60806.0,214564,75689,41157,63874,14594,17145,29211,18084,1019804.0
2018,Abril,10333,4010,15958,3416,43040,3101,6235,41060,18800,44384,15381,16313,49060,15367,8194,70990,106478,21133,60945.0,211939,75738,41854,64284,14534,16825,28481,17559,1025412.0
2018,Maio,10911,3948,16321,3727,43193,3139,6520,41571,19454,45198,15940,16687,50106,15691,8664,72793,106953,21860,61660.0,213592,75255,41296,63550,14615,17021,28692,18035,1036392.0
2018,Junho,10048,3844,15376,3813,41049,3041,5581,38360,17849,42131,14612,15644,47277,14227,8129,66763,103182,19691,60431.0,205042,73165,41760,62879,13933,16034,26399,16898,987158.0
2018,Julho,10061,3951,16275,3936,40477,3132,5184,39493,17887,42377,15378,16061,46998,14917,8358,71712,106812,20653,60921.0,207196,75941,44440,67083,14643,16426,26660,17096,1014068.0
2018,Agosto,10309,4005,16124,4046,42615,3508,5632,40781,18078,43871,15357,16368,49837,15295,8349,72031,108131,20288,62095.0,214141,75327,42840,66221,14537,16301,27622,17555,1031264.0
2018,Setembro,9624,3634,15320,3775,40435,3503,5275,39041,17616,40459,13524,15235,45531,14118,7425,68089,100560,19042,57054.0,199614,69814,39879,58153,13615,15518,26722,17404,959979.0
2018,Outubro,9002,3577,14333,3600,40000,3493,4646,39137,17548,39495,12103,14853,47872,14344,6156,66594,98412,17816,54860.0,204554,68689,40676,60068,12167,15742,26275,15656,951668.0
2018,Novembro,7777,2078,12125,2713,31905,2987,3605,32495,15925,31249,9593,11810,41844,11869,5041,54069,81858,14828,43900.0,179776,58275,33742,48079,7956,12347,23185,13699,794730.0
2018,Dezembro,4804,1163,6113,2109,20527,1944,2111,22415,11973,18359,6470,7621,28919,7066,2647,29503,51336,8479,25112.0,124472,35072,18103,24466,3335,8218,15403,6622,494362.0
2019,Janeiro,9448,3509,16056,3516,41265,3454,5947,38425,18007,44387,14557,14649,46643,13868,7676,67851,103677,19712,60726,208950,72527,40885,62443,14012,15742,27589,18334,993855.0
2019,Fevereiro,9580,3162,14900,3329,38062,3386,5842,35256,16684,41999,13808,14219,44535,13280,7322,64981,97752,19457,56487,196975,70051,38417,56389,13582,15054,26353,18045,938907.0
2019,Março,10572,3259,16965,3463,41238,3533,6645,39536,18223,44211,15000,16116,47337,13921,8102,68960,105283,20873,59816,210496,74562,41155,61635,14841,16601,28366,19814,1010523.0
2019,Abril,10785,3589,16363,3636,40082,3542,7160,40015,17892,45443,15875,16854,49529,14657,8624,72767,110778,20786,61194,217520,76977,43029,64444,15468,16936,30316,20498,1044759.0
2019,Maio,11290,4065,16663,3632,40816,3272,7178,41332,19081,47018,16595,17398,52655,15610,9019,77934,115484,22009,65012,225473,79611,45149,68285,16162,17606,30868,20370,1089587.0
2019,Junho,9995,3986,16043,3507,36955,3329,6876,37554,17919,42681,15061,15495,47558,13884,7970,68938,105842,20339,60559,207872,72743,41956,65770,14816,16340,28249,18496,1000733.0
2019,Julho,9940,4032,16828,3922,40696,3356,6587,38756,18250,44644,15751,16541,50421,15513,8017,75001,111252,21868,64086,214099,77662,45905,69225,14758,16851,28659,19792,1052412.0
2019,Agosto,9942,3872,17190,4084,40637,3147,7165,38320,18971,44025,15853,16123,50695,15475,7878,73248,108185,21615,63308,216034,74456,42857,67859,14849,16797,29103,20342,1042030.0
2019,Setembro,10147,3971,16336,3956,41054,3494,7159,37972,18943,43790,15523,15743,49593,14619,8038,71088,106752,21152,61608,211709,73616,43007,64316,14724,16697,28726,19898,1023631.0
2019,Outubro,10367,4112,16995,4199,42402,3476,7229,39072,20170,45514,15573,16089,51024,15333,8359,74088,109789,21968,63039,220858,76019,45363,66553,14844,17200,29589,20198,1059422.0
2019,Novembro,10365,3650,16072,3925,40457,3298,7420,37990,18364,42225,14342,15023,47886,13986,7780,68067,102940,19963,58196,203475,71831,41811,61739,14442,15691,27592,17807,986337.0
2019,Dezembro,9861,3596,15462,3551,39009,3013,7480,36533,17722,41072,13868,13995,44349,12758,7701,63079,101008,20043,55693,194316,67689,39041,59523,14020,14500,26978,17381,943241.0
2020,Janeiro,9838,3840,16599,3731,41444,3313,7132,38344,18528,43863,14376,14793,47876,13310,7914,67568,105174,20947,59864,212127,72067,42091,64798,15223,15955,28624,18316,1007655.0
2020,Fevereiro,9506,3792,15464,3593,38620,3143,7149,35815,17503,41164,14086,13894,43318,12578,7691,64383,98203,20484,54479,197764,70336,39876,58095,14699,14939,27150,17617,945341.0
2020,Março,8710,3648,15347,3452,37848,2956,6669,34905,16099,40501,14198,13970,41635,12603,7901,63576,96611,20269,54250,193003,67628,37662,56860,14463,15093,26486,18055,924398.0
2020,Abril,7159,2829,12297,2584,29001,2295,5899,25382,11770,30909,10722,11079,31864,10016,6157,47972,76977,15597,45289,144854,52542,28845,44722,10843,11701,21089,15850,716244.0
2020,Maio,7443,2818,13284,2884,31530,2526,5756,28340,13180,33860,10812,11844,35302,9960,6203,49461,84366,16492,50006,162855,55802,30926,50489,11586,12809,22858,16648,780040.0
2020,Junho,7797,3029,13955,2974,32415,2617,6040,29793,13657,34791,12212,12304,36859,10172,6591,51010,85878,16635,50022,169301,55559,33258,52459,11609,12909,24027,16563,804436.0
2020,Julho,8560,3549,15422,3080,36057,2746,6294,32187,14643,37609,13298,13026,40624,11152,7077,55428,91580,18288,54719,182324,56661,34906,53034,12230,13670,25637,16931,860732.0
2020,Agosto,9073,3574,15734,3332,37171,2993,6432,33056,15100,37288,13501,12560,42174,11244,6900,56815,92115,17513,57111,184214,57386,33496,53711,12246,13927,25938,17706,872310.0
2020,Setembro,8596,3725,15750,3302,36745,2822,6253,33346,15926,38873,14106,12490,42319,12392,7071,59623,93797,17520,56841,188644,60552,36010,55369,12685,14263,26396,17613,893029.0
2020,Outubro,9004,3973,15816,3404,38545,3112,6434,35514,16490,39761,14384,12322,43301,13779,7610,63849,96319,18205,56302,194520,64517,39070,58714,13010,14595,26983,18395,927928.0
2020,Novembro,9143,3844,15490,3250,37309,2890,6431,33799,16104,38739,14026,12772,41535,13549,7491,60821,96124,20158,56449,192216,64765,39395,59175,12510,14261,25409,17260,914915.0
2020,Dezembro,8804,3861,16363,3371,36327,2969,6533,31511,15753,36845,14272,13623,40772,12870,7156,56812,94683,20945,56089,184924,58540,36187,56255,12945,13782,25078,17524,884794.0
2021,Janeiro,8947,4047,17974,3541,37297,3109,6370,33783,16811,38371,13338,13661,41706,13125,7543,57767,96438,20707,59153,191757,61016,37163,58501,13152,14667,26478,18737,915159.0
2021,Fevereiro,8701,3846,15989,3415,35200,2919,6390,34300,15544,36705,13572,13315,40737,12729,7306,56574,90536,19619,53349,182459,60998,37152,54700,13384,14175,26226,18028,877868.0
2021,Março,10203,4032,17623,3612,41897,3604,7248,38530,17143,44055,15968,15482,46923,14618,8683,62847,106357,23712,66869,206079,64068,38236,59789,15025,16944,29976,20986,1000509.0
2021,Abril,10128,3939,16647,3407,38273,3241,7089,36625,17174,45245,15525,15266,47097,13728,8209,61987,98333,21013,62005,184844,62435,36323,55860,13625,16041,28986,19160,942205.0
2021,Maio,10591,4202,17991,3617,40514,3563,7900,39721,18273,46617,16276,16959,51008,14181,8832,68631,106320,23359,65116,203624,67990,40355,61814,15111,16900,30297,19983,1019745.0
2021,Junho,9774,4046,17738,3585,39715,3284,7582,38487,17573,43402,15312,15739,47295,13208,8026,63656,103062,22242,61022,196862,62574,39991,60747,14058,16666,29551,18937,974134.0
2021,Julho,10070,4118,18624,3771,39765,3431,7297,37612,17329,41847,14674,14658,46558,13798,7690,64550,104069,22718,63763,190618,64302,40028,61618,14059,16661,29800,19146,972574.0
2021,Agosto,9605,4279,18560,3996,40902,3314,7111,39496,17221,40658,14757,15191,46931,13270,8038,64824,104379,22654,65759,195944,69491,40684,61605,14071,16640,28759,19667,987806.0
2021,Setembro,9760,4269,17541,3654,40438,2989,6673,37193,17295,40376,14604,15141,45704,13209,7758,62008,100031,21600,60832,189775,64892,39580,59567,13279,15564,26838,20056,950626.0
2021,Outubro,8696,3954,16682,3310,38815,3200,4040,35585,16677,37133,14289,14524,44911,12837,6402,58885,92618,19712,54524,183501,54242,36130,56507,10881,14222,23917,17743,883937.0
2021,Novembro,7080,3064,14393,2892,33804,2358,3319,29924,14570,32342,10904,12629,41604,10974,3813,48539,80865,16544,49234,174435,45681,30559,46864,7160,12507,22634,14410,773102.0
2021,Dezembro,4667,1658,7369,2041,20140,1259,2102,22900,10251,20514,6821,8658,29155,7104,2046,29301,52681,9569,31373,121958,25366,15033,24308,2945,8362,13990,9342,490913.0
2022,Janeiro,10083,4085,17648,3976,41231,3556,7272,39764,18056,41619,14844,15575,46677,12435,8542,66648,109806,21193,61681,198596,66108,40805,62245,15306,16741,28973,19762,993227.0
2022,Fevereiro,9222,3605,15554,3395,36562,3091,6950,35248,15427,38294,14312,13865,43452,12132,7822,61047,97836,19445,57867,183044,63327,39566,56407,14328,15072,26667,17266,910803.0
2022,Março,10489,4218,18136,3937,41673,3383,7780,40965,17978,45569,16649,17182,50136,13502,9324,70355,113321,22188,68832,211526,73699,44932,65744,16046,17552,31408,20394,1056918.0
2022,Abril,10045,4247,17844,3746,41330,3471,7046,39794,17877,44296,16090,16927,48759,12521,8708,67566,108460,21583,63866,200496,71582,44420,64021,16017,17225,30454,19722,1018113.0
2022,Maio,10342,4308,18651,4169,44669,3817,7654,43462,19368,47968,17229,18632,52923,13620,9642,73554,117855,22930,69768,215363,76661,47475,68859,17394,17823,30817,19889,1094842.0
2022,Junho,10090,3977,17812,4348,42382,3527,6832,41411,18270,45188,15701,17024,50075,13615,8795,67353,111518,22861,65285,205421,72431,45349,66900,16461,17099,29023,18737,1037485.0
2022,Julho,9966,4181,18404,4332,41609,3491,6881,40262,17641,43679,15638,16442,50278,13729,9216,70344,113160,22960,68384,209031,72881,44622,66869,16726,16848,29343,18510,1045427.0
2022,Agosto,9974,4116,18586,4674,42436,3543,7503,41846,18538,46400,17059,17264,53001,14526,9422,73613,118661,22927,70342,220458,75067,47304,68167,17058,18621,32247,20021,1093374.0
2022,Setembro,10208,3955,17443,4486,40898,3229,7404,38659,17753,43829,15944,16606,48761,13892,8536,70750,113174,22205,65918,209948,70234,45497,62487,16254,17172,30682,18446,1034370.0
2022,Outubro,9674,4397,17523,4567,42214,3602,7544,38927,17368,44295,15206,17168,50361,13809,8822,70905,113512,23204,68205,212801,71946,45593,64677,16713,17838,31935,18938,1051744.0
2022,Novembro,10142,4560,17143,4365,42194,3511,7489,38537,17305,43566,15065,16980,48245,13476,8904,69155,111727,22326,65114,206949,70292,44627,63829,16996,17314,31701,18359,1029871.0
2022,Dezembro,9692,4483,16449,3983,40899,3454,7294,37488,16644,42384,14362,16459,47924,12455,8874,66709,108724,21898,64316,199871,68319,42359,61136,15711,16621,31229,17978,997715.0
2023,Janeiro,10229,4629,16969,4157,44026,3573,7143,40480,17739,44945,15410,17551,49020,12530,9371,71478,113863,23357,70682,212019,72040,45048,64644,16348,17798,34868,19777,1059694.0
2023,Fevereiro,9670,4215,15833,3744,39002,3571,6728,36727,16595,40443,14345,16366,45131,11009,8737,65338,106037,21652,63428,198653,68066,42709,57348,15597,17530,32653,17803,978930.0
2023,Março,11952,4968,18696,5016,45979,5683,8150,42258,19341,48735,17384,19938,52312,13616,10260,79678,128403,26022,78169,234508,82339,51478,70576,18967,19978,37002,21082,1172490.0
2023,Abril,11813,4817,18330,4486,43344,5830,7886,39180,18201,45992,16024,19265,49939,12878,9707,72643,117121,23296,71599,213401,74721,48092,64949,17284,18816,33762,19552,1082928.0
2023,Maio,12047,5345,19959,4676,47020,7627,8921,42318,20170,51371,18188,20252,54105,14286,10491,80156,127074,25860,78847,233463,82277,52381,71840,18679,20364,36283,21231,1185231.0
2023,Junho,10814,5329,19866,4166,44865,7590,8517,41029,19047,47244,17255,18843,51595,13543,9648,74240,119710,24409,74088,220900,78024,48568,68119,17223,19190,33918,19264,1117004.0
2023,Julho,10857,5149,19550,4427,43108,3677,8261,40252,19296,46044,17465,19734,52414,14476,9992,78177,121239,23766,74690,220499,77292,49292,68555,17945,19835,34237,19725,1119954.0
2023,Agosto,11849,5319,18705,4510,45468,3890,8398,40843,19880,47582,18642,20794,55524,14783,10310,80056,125324,25522,77881,231036,81599,51727,70820,17876,20068,35793,21011,1165210.0
2023,Setembro,10446,4809,15217,3285,43817,3581,8305,38810,19428,44280,16766,18738,51506,13932,9364,72365,117768,23545,72431,213768,76763,47205,63399,16711,18309,33705,19487,1077740.0
2023,Outubro,9085,4699,15040,557,43191,3817,5813,36795,18509,42247,15418,18604,52078,13217,7216,68502,112570,21887,69877,211663,70916,45465,63459,13648,16614,32463,18891,1032241.0
2023,Novembro,6990,4110,12562,254,37179,2953,4433,31897,15360,35396,13952,15459,47160,11099,5220,56583,97492,17679,58750,189877,60873,37788,52929,9425,14070,28393,16199,884082.0
2023,Dezembro,4756,2121,6925,192,23166,1779,2850,23150,9445,23702,8916,10017,32274,6557,3518,34476,61353,10931,37577,141217,37348,20866,28524,4370,9413,18396,9986,573825.0
